[
  {
    "title": "이재용 회장 방미사절단 출국…삼성·SK·LG 등 재계 총수 출동",
    "link": "https://www.etnews.com/20250824000087",
    "published": "Sun, 24 Aug 2025 17:52:31 +0900",
    "source": "전자신문",
    "summary": "[요약 실패 대체]\n제목: 이재용 회장 방미사절단 출국…삼성·SK·LG 등 재계 총수 출동\n첫 문장: 전자",
    "keywords": "[\"회장\", \"공장\", \"미국\", \"사절단\", \"출국\", \"위하\", \"일\", \"합작\", \"중\", \"등\", \"한미\", \"정상\", \"회담\", \"동행\", \"부회장\", \"삼성전자\", \"서울\", \"오\", \"현지\", \"생산\", \"투자\", \"배터리\", \"방미\", \"SK\", \"열리\", \"경제\", \"강서구\", \"김포\", \"비즈니스\", \"항공\"]"
  },
  {
    "title": "외화증권 보관금액 최고치 경신…박스피 떠난 개미들 美 'AI·헬스케어·코인'에 쏠렸다",
    "link": "https://www.etnews.com/20250822000235",
    "published": "Sun, 24 Aug 2025 18:00:00 +0900",
    "source": "전자신문",
    "summary": "[요약 실패 대체]\n제목: 외화증권 보관금액 최고치 경신…박스피 떠난 개미들 美 'AI·헬스케어·코인'에 쏠렸다\n첫 문장: 경제",
    "keywords": "[\"달러\", \"일\", \"월\", \"원\", \"국내\", \"미국\", \"외화\", \"증권\", \"보관\", \"금액\", \"최고\", \"개미\", \"AI\", \"가\", \"보이\", \"투자자\", \"매수\", \"자산\", \"박스\", \"피\", \"헬스케어\", \"코스피\", \"선\", \"거래\", \"증시\", \"서학\", \"사들이\", \"지나\", \"기준\", \"집계\"]"
  },
  {
    "title": "WP, 트럼프 인텔 지분 인수 비판…“中처럼 행동하면 안 돼”",
    "link": "https://www.etnews.com/20250824000088",
    "published": "Sun, 24 Aug 2025 18:26:54 +0900",
    "source": "전자신문",
    "summary": "[요약 실패 대체]\n제목: WP, 트럼프 인텔 지분 인수 비판…“中처럼 행동하면 안 돼”\n첫 문장: 전자",
    "keywords": "[\"인텔\", \"WP\", \"미국\", \"중국\", \"있\", \"트럼프\", \"지분\", \"비판\", \"가\", \"년\", \"정책\", \"대하\", \"거래\", \"하\", \"기업\", \"행동\", \"시점\", \"대통령\", \"확보\", \"사설\", \"산업\", \"되\", \"자유\", \"보조금\", \"대가\", \"것\", \"수\", \"주식\", \"공급망\", \"전자\"]"
  },
  {
    "title": "헌정 첫 전직 총리 영장…한덕수, 계엄 방조·위증 혐의",
    "link": "https://www.etnews.com/20250824000089",
    "published": "Sun, 24 Aug 2025 19:12:46 +0900",
    "source": "전자신문",
    "summary": "[요약 실패 대체]\n제목: 헌정 첫 전직 총리 영장…한덕수, 계엄 방조·위증 혐의\n첫 문장: 정치",
    "keywords": "[\"총리\", \"한덕수\", \"혐의\", \"영장\", \"계엄\", \"방조\", \"위증\", \"가\", \"특검\", \"국무총리\", \"일\", \"비상계엄\", \"내란\", \"한\", \"선포\", \"정치\", \"출석\", \"서울\", \"특별\", \"검사\", \"팀\", \"구속\", \"작성\", \"등\", \"대통령\", \"의혹\", \"헌정\", \"전직\", \"발행일\", \"공유\"]"
  },
  {
    "title": "[부음] 방용석(前 국회의원·노동부 장관)씨 별세",
    "link": "https://www.etnews.com/20250824000090",
    "published": "Sun, 24 Aug 2025 19:13:04 +0900",
    "source": "전자신문",
    "summary": "[요약 실패 대체]\n제목: [부음] 방용석(前 국회의원·노동부 장관)씨 별세\n첫 문장: 오피니언",
    "keywords": "[\"씨\", \"가\", \"일\", \"시\", \"부음\", \"방용석\", \"장관\", \"별세\", \"상\", \"방\", \"오피니언\", \"인사\", \"국회의원\", \"노동\", \"부\", \"발행일\", \"공유\", \"하기\", \"페이스북\", \"X\", \"트위터\", \"메일\", \"URL\", \"복사\", \"글자\", \"크기\", \"설정\", \"작\", \"크\", \"국회\"]"
  },
  {
    "title": "[부음] 오익근(대신증권 대표이사 사장)씨 모친상",
    "link": "https://www.etnews.com/20250824000091",
    "published": "Sun, 24 Aug 2025 19:17:48 +0900",
    "source": "전자신문",
    "summary": "[요약 실패 대체]\n제목: [부음] 오익근(대신증권 대표이사 사장)씨 모친상\n첫 문장: 오피니언",
    "keywords": "[\"씨\", \"시\", \"가\", \"상\", \"조모\", \"부음\", \"대신증권\", \"대표\", \"이사\", \"사장\", \"모친\", \"모상\", \"중앙대학교\", \"의대\", \"교수\", \"교사\", \"일\", \"오피니언\", \"인사\", \"오익근\", \"발행일\", \"공유\", \"하기\", \"페이스북\", \"X\", \"트위터\", \"메일\", \"URL\", \"복사\", \"글자\"]"
  },
  {
    "title": "예지원 “튼튼한 연골은 건강한 100세의 비결”",
    "link": "https://www.etnews.com/20250824000092",
    "published": "Sun, 24 Aug 2025 21:18:53 +0900",
    "source": "전자신문",
    "summary": "[요약 실패 대체]\n제목: 예지원 “튼튼한 연골은 건강한 100세의 비결”\n첫 문장: 라이프              > 연예",
    "keywords": "[\"건강\", \"예지원\", \"연골\", \"방송\", \"가\", \"몸\", \"지키\", \"세\", \"비결\", \"관절\", \"중요\", \"있\", \"오전\", \"JTBC\", \"MC\", \"웃음\", \"때\", \"것\", \"눈길\", \"공개\", \"관절염\", \"퍼포먼스\", \"라이프\", \"연예\", \"튼튼하\", \"발행\", \"공유\", \"하기\", \"페이스북\", \"X\"]"
  },
  {
    "title": "각막 깎지 않고 라식 대체할 '각막성형술' 나올까",
    "link": "https://www.etnews.com/20250822000295",
    "published": "Sun, 24 Aug 2025 22:30:00 +0900",
    "source": "전자신문",
    "summary": "[요약 실패 대체]\n제목: 각막 깎지 않고 라식 대체할 '각막성형술' 나올까\n첫 문장: 국제",
    "keywords": "[\"각막\", \"성형\", \"연구\", \"전기\", \"조직\", \"있\", \"팀\", \"실험\", \"시력\", \"교정\", \"것\", \"깎\", \"모양\", \"토끼\", \"수\", \"기법\", \"되\", \"EMR\", \"가능\", \"라식\", \"가\", \"분\", \"확인\", \"교수\", \"방법\", \"통하\", \"발견\", \"신호\", \"바꾸\", \"만\"]"
  },
  {
    "title": "정부가 인정하고 수험생이 선택한 '영남대'…세계 명문대학과 어깨 나란히",
    "link": "https://www.etnews.com/20250822000044",
    "published": "Sun, 24 Aug 2025 23:34:00 +0900",
    "source": "전자신문",
    "summary": "[요약 실패 대체]\n제목: 정부가 인정하고 수험생이 선택한 '영남대'…세계 명문대학과 어깨 나란히\n첫 문장: 전국",
    "keywords": "[\"명\", \"인재\", \"모집\", \"영남대\", \"대학\", \"년\", \"지역\", \"지원\", \"사업\", \"글로벌\", \"교육\", \"위\", \"학년도\", \"등\", \"학생\", \"수시\", \"세계\", \"선정\", \"산업\", \"양성\", \"학과\", \"전공\", \"평가\", \"의약\", \"전형\", \"학부\", \"정원\", \"기회\", \"사회\", \"선발\"]"
  },
  {
    "title": "[여기는 게임스컴]컴투스플랫폼, 북미·유럽 GBaaS 시장 정조준... “최적 진입 시점”",
    "link": "https://www.etnews.com/20250825000001",
    "published": "Mon, 25 Aug 2025 00:38:51 +0900",
    "source": "전자신문",
    "summary": "[요약 실패 대체]\n제목: [여기는 게임스컴]컴투스플랫폼, 북미·유럽 GBaaS 시장 정조준... “최적 진입 시점”\n첫 문장: IT",
    "keywords": "[\"게임\", \"플랫폼\", \"컴투스\", \"시장\", \"글로벌\", \"서비스\", \"운영\", \"기능\", \"스컴\", \"북미\", \"유럽\", \"B\", \"하이브\", \"상무\", \"GBaaS\", \"가\", \"장기\", \"김\", \"보\", \"진입\", \"시점\", \"부스\", \"홀딩스\", \"현장\", \"백\", \"엔드\", \"기회\", \"올해\", \"처음\", \"중심\"]"
  },
  {
    "title": "[여기는 게임스컴]넷마블몬스터 '몬길: 스타 다이브', 글로벌 데뷔...“새 프랜차이즈 출발점”",
    "link": "https://www.etnews.com/20250825000002",
    "published": "Mon, 25 Aug 2025 00:41:06 +0900",
    "source": "전자신문",
    "summary": "[요약 실패 대체]\n제목: [여기는 게임스컴]넷마블몬스터 '몬길: 스타 다이브', 글로벌 데뷔...“새 프랜차이즈 출발점”\n첫 문장: IT",
    "keywords": "[\"몬스터\", \"넷마블\", \"게임\", \"대표\", \"있\", \"글로벌\", \"수\", \"김\", \"길\", \"스타\", \"다이브\", \"가\", \"독일\", \"쾰른\", \"말\", \"D\", \"스컴\", \"프랜차이즈\", \"김건\", \"개발\", \"신작\", \"세계\", \"현장\", \"길들이\", \"기반\", \"얼\", \"리얼\", \"엔진\", \"강화\", \"전투\"]"
  },
  {
    "title": "이 대통령, 워싱턴 도착...25일 한미 정상 회담",
    "link": "https://www.etnews.com/20250825000003",
    "published": "Mon, 25 Aug 2025 04:34:14 +0900",
    "source": "전자신문",
    "summary": "[요약 실패 대체]\n제목: 이 대통령, 워싱턴 도착...25일 한미 정상 회담\n첫 문장: 정치",
    "keywords": "[\"대통령\", \"일\", \"미국\", \"일정\", \"이\", \"워싱턴\", \"도착\", \"정상\", \"회담\", \"가\", \"이재명\", \"등\", \"이후\", \"정치\", \"한미\", \"현지\", \"시간\", \"DC\", \"앤드루스\", \"기지\", \"공군\", \"오후\", \"전\", \"통하\", \"박\", \"것\", \"전략\", \"양국\", \"어떻\", \"순방\"]"
  },
  {
    "title": "[동국대 캠퍼스타운 2025] 키라앤컴퍼니 “금융 초보자를 위한 머니케어 설루션 될 것”",
    "link": "https://it.donga.com/107436",
    "published": "Thu, 21 Aug 2025 17:20:00 +0900",
    "source": "IT동아",
    "summary": "[요약 실패 대체]\n제목: [동국대 캠퍼스타운 2025] 키라앤컴퍼니 “금융 초보자를 위한 머니케어 설루션 될 것”\n첫 문장: [동국대 캠퍼스타운 2025] 키라앤컴퍼니 “금융 초보자를 위한 머니케어 설루션 될 것”",
    "keywords": "[\"금융\", \"교육\", \"것\", \"컴퍼니\", \"서비스\", \"대표\", \"키라\", \"키라앤\", \"위하\", \"있\", \"초보자\", \"되\", \"투자\", \"성장\", \"년\", \"수\", \"경제\", \"박\", \"혁\", \"등\", \"캠퍼스\", \"타운\", \"IT\", \"창업\", \"대하\", \"상품\", \"돈\", \"제공\", \"앤\", \"동아\"]"
  },
  {
    "title": "리벨리온·레드햇, 국내 첫 vLLM 밋업 개최··· \"AI 위한 공동의 협력에 기여\"",
    "link": "https://it.donga.com/107442",
    "published": "Thu, 21 Aug 2025 17:51:12 +0900",
    "source": "IT동아",
    "summary": "[요약 실패 대체]\n제목: 리벨리온·레드햇, 국내 첫 vLLM 밋업 개최··· \"AI 위한 공동의 협력에 기여\"\n첫 문장: 리벨리온·레드햇, 국내 첫 vLLM 밋업 개최··· \"AI 위한 공동의 협력에 기여\"",
    "keywords": "[\"AI\", \"vLLM\", \"있\", \"지원\", \"수\", \"기업\", \"소스\", \"등\", \"기술\", \"처리\", \"효율\", \"LLM\", \"오픈\", \"모델\", \"활용\", \"IT\", \"위하\", \"생태\", \"빠르\", \"리벨리\", \"온\", \"리벨리온\", \"국내\", \"동아\", \"출처\", \"생태계\", \"밋업\", \"서비스\", \"환경\", \"추론\"]"
  },
  {
    "title": "드리미, 스스로 물걸레 골라 쓰는 로봇청소기로 '눈길'",
    "link": "https://it.donga.com/107443",
    "published": "Thu, 21 Aug 2025 17:56:57 +0900",
    "source": "IT동아",
    "summary": "[요약 실패 대체]\n제목: 드리미, 스스로 물걸레 골라 쓰는 로봇청소기로 '눈길'\n첫 문장: 드리미, 스스로 물걸레 골라 쓰는 로봇청소기로 '눈길'",
    "keywords": "[\"제품\", \"울트라\", \"드리미\", \"물걸레\", \"롤러\", \"청소\", \"아쿠아\", \"있\", \"로봇\", \"자동\", \"청소기\", \"매트릭스\", \"문턱\", \"것\", \"세척\", \"IT\", \"동아\", \"수\", \"중\", \"한국\", \"출처\", \"소개\", \"통하\", \"등\", \"탑재\", \"능력\", \"시장\", \"기능\", \"따르\", \"이날\"]"
  },
  {
    "title": "V6 PHEV 스페셜 모델 ‘페라리 296 스페치알레’ 출시…’880마력 성능 발휘’",
    "link": "https://it.donga.com/107444",
    "published": "Thu, 21 Aug 2025 18:04:10 +0900",
    "source": "IT동아",
    "summary": "[요약 실패 대체]\n제목: V6 PHEV 스페셜 모델 ‘페라리 296 스페치알레’ 출시…’880마력 성능 발휘’\n첫 문장: V6 PHEV 스페셜 모델 ‘페라리 296 스페치알레’ 출시…’880마력 성능 발휘’",
    "keywords": "[\"페라리\", \"스페치알레\", \"모델\", \"출처\", \"마력\", \"성능\", \"IT\", \"동아\", \"GTB\", \"스페셜\", \"차량\", \"적용\", \"엔진\", \"경량\", \"공기역학\", \"압력\", \"수\", \"년\", \"기반\", \"출력\", \"전기\", \"kg\", \"줄이\", \"이상욱\", \"한국\", \"총괄\", \"매니저\", \"다운포스\", \"증가\", \"사운드\"]"
  },
  {
    "title": "[스타트업-ing] 에임비랩 \"고객 피드백 반영한 혁신으로 축산업 디지털 전환 이끌 것\"",
    "link": "https://it.donga.com/107445",
    "published": "Thu, 21 Aug 2025 18:08:45 +0900",
    "source": "IT동아",
    "summary": "[요약 실패 대체]\n제목: [스타트업-ing] 에임비랩 \"고객 피드백 반영한 혁신으로 축산업 디지털 전환 이끌 것\"\n첫 문장: [스타트업-ing] 에임비랩 \"고객 피드백 반영한 혁신으로 축산업 디지털 전환 이끌 것\"",
    "keywords": "[\"사료\", \"것\", \"기술\", \"있\", \"제품\", \"고객\", \"하\", \"사료비\", \"축산업\", \"기능\", \"에임비랩\", \"되\", \"필요\", \"관리\", \"지원\", \"분야\", \"개선\", \"농가\", \"센서\", \"수\", \"마이피드\", \"통하\", \"혁신\", \"년\", \"개발\", \"축산\", \"중\", \"차\", \"산업\", \"문제\"]"
  },
  {
    "title": "[서울과기대 x 글로벌 뉴스] \"전략적인 해외 진출 가능\" 지미션, AX 혁신 솔루션으로 주목",
    "link": "https://it.donga.com/107440",
    "published": "Thu, 21 Aug 2025 18:09:33 +0900",
    "source": "IT동아",
    "summary": "[요약 실패 대체]\n제목: [서울과기대 x 글로벌 뉴스] \"전략적인 해외 진출 가능\" 지미션, AX 혁신 솔루션으로 주목\n첫 문장: [서울과기대 x 글로벌 뉴스] \"전략적인 해외 진출 가능\" 지미션, AX 혁신 솔루션으로 주목",
    "keywords": "[\"AI\", \"미션\", \"솔루션\", \"기업\", \"기술\", \"문서\", \"대표\", \"팩스\", \"지\", \"것\", \"데이터\", \"해외\", \"기관\", \"처리\", \"직원\", \"진출\", \"공공\", \"정형\", \"한준\", \"서\", \"개발\", \"있\", \"혁신\", \"금융\", \"수\", \"등\", \"성장\", \"생성\", \"기반\", \"지미션\"]"
  },
  {
    "title": "\"7년 만에 개선\" 카카오톡, 삭제 기능 업데이트…모바일·PC 버전 모두 적용",
    "link": "https://it.donga.com/107446",
    "published": "Fri, 22 Aug 2025 12:58:37 +0900",
    "source": "IT동아",
    "summary": "[요약 실패 대체]\n제목: \"7년 만에 개선\" 카카오톡, 삭제 기능 업데이트…모바일·PC 버전 모두 적용\n첫 문장: \"7년 만에 개선\" 카카오톡, 삭제 기능 업데이트…모바일·PC 버전 모두 적용",
    "keywords": "[\"삭제\", \"메시지\", \"카카오톡\", \"기능\", \"업데이트\", \"있\", \"버전\", \"수\", \"채팅\", \"개선\", \"모바일\", \"IT\", \"PC\", \"동아\", \"시간\", \"출처\", \"가능\", \"년\", \"이용자\", \"대화\", \"위하\", \"창\", \"버튼\", \"만\", \"적용\", \"박귀임\", \"되\", \"카카오\", \"말풍선\", \"나오\"]"
  },
  {
    "title": "[동국대 캠퍼스타운 2025] 레저스포츠 진입장벽을 기술로 낮춘 ‘레저디’",
    "link": "https://it.donga.com/107448",
    "published": "Fri, 22 Aug 2025 15:55:25 +0900",
    "source": "IT동아",
    "summary": "[요약 실패 대체]\n제목: [동국대 캠퍼스타운 2025] 레저스포츠 진입장벽을 기술로 낮춘 ‘레저디’\n첫 문장: [동국대 캠퍼스타운 2025] 레저스포츠 진입장벽을 기술로 낮춘 ‘레저디’",
    "keywords": "[\"스포츠\", \"레저\", \"레저디\", \"강사\", \"브랜드\", \"레슨\", \"정보\", \"수\", \"대표\", \"있\", \"디\", \"캠퍼스\", \"타운\", \"즐기\", \"플랫폼\", \"과정\", \"창업\", \"지원\", \"AI\", \"등\", \"출처\", \"장비\", \"것\", \"하\", \"동국대학교\", \"IT\", \"동아\", \"위하\", \"기반\", \"고소\"]"
  },
  {
    "title": "[서울과기대 x 글로벌 뉴스] 딥핑소스 “AI 데이터 익명화 기술로 매장 운영 효율 강화”",
    "link": "https://it.donga.com/107447",
    "published": "Fri, 22 Aug 2025 15:56:12 +0900",
    "source": "IT동아",
    "summary": "[요약 실패 대체]\n제목: [서울과기대 x 글로벌 뉴스] 딥핑소스 “AI 데이터 익명화 기술로 매장 운영 효율 강화”\n첫 문장: [서울과기대 x 글로벌 뉴스] 딥핑소스 “AI 데이터 익명화 기술로 매장 운영 효율 강화”",
    "keywords": "[\"데이터\", \"매장\", \"솔루션\", \"기술\", \"있\", \"익명\", \"AI\", \"수\", \"김태훈\", \"대표\", \"것\", \"등\", \"IT\", \"영상\", \"소스\", \"케어\", \"링\", \"개발\", \"개인\", \"정보\", \"동\", \"딥핑소스\", \"기업\", \"일본\", \"고객\", \"제공\", \"식별\", \"딥핑\", \"중\", \"분석\"]"
  },
  {
    "title": "[서울과기대 x 글로벌 뉴스] 메이크웍스 “중소 건설사 위한 웹캐드 ‘CAD뷰’, 스마트 건설 디지털전환 이끌 것”",
    "link": "https://it.donga.com/107449",
    "published": "Fri, 22 Aug 2025 17:11:43 +0900",
    "source": "IT동아",
    "summary": "[요약 실패 대체]\n제목: [서울과기대 x 글로벌 뉴스] 메이크웍스 “중소 건설사 위한 웹캐드 ‘CAD뷰’, 스마트 건설 디지털전환 이끌 것”\n첫 문장: [서울과기대 x 글로벌 뉴스] 메이크웍스 “중소 건설사 위한 웹캐드 ‘CAD뷰’, 스마트 건설 디지털전환 이끌 것”",
    "keywords": "[\"메이크웍스\", \"건설\", \"D\", \"CAD\", \"전경준\", \"대표\", \"기반\", \"도면\", \"BIM\", \"웹\", \"뷰\", \"있\", \"전환\", \"등\", \"현장\", \"기능\", \"디지털\", \"기술\", \"프로그램\", \"제공\", \"솔루션\", \"시장\", \"비용\", \"오라클\", \"서울\", \"건설사\", \"것\", \"IT\", \"기존\", \"인도\"]"
  },
  {
    "title": "[IT's 가성비] 직구 말고 정품도 살만하다? 레노버 아이디어 탭 11",
    "link": "https://it.donga.com/107450",
    "published": "Fri, 22 Aug 2025 17:25:50 +0900",
    "source": "IT동아",
    "summary": "[요약 실패 대체]\n제목: [IT's 가성비] 직구 말고 정품도 살만하다? 레노버 아이디어 탭 11\n첫 문장: [IT's 가성비] 직구 말고 정품도 살만하다? 레노버 아이디어 탭 11",
    "keywords": "[\"제품\", \"있\", \"중국\", \"레노버\", \"탭\", \"아이디어\", \"내수\", \"수\", \"원\", \"모델\", \"직구\", \"국내\", \"정식\", \"출시\", \"태블릿\", \"경우\", \"사용\", \"가격\", \"차이\", \"작업\", \"GB\", \"전용\", \"펜\", \"구매\", \"등\", \"하\", \"펌웨어\", \"A\", \"S\", \"정도\"]"
  },
  {
    "title": "[투자를IT다] 2025년 8월 3주차 IT기업 주요 소식과 시장 전망",
    "link": "https://it.donga.com/107451",
    "published": "Fri, 22 Aug 2025 17:53:24 +0900",
    "source": "IT동아",
    "summary": "[요약 실패 대체]\n제목: [투자를IT다] 2025년 8월 3주차 IT기업 주요 소식과 시장 전망\n첫 문장: [투자를IT다] 2025년 8월 3주차 IT기업 주요 소식과 시장 전망",
    "keywords": "[\"분기\", \"년\", \"달러\", \"원\", \"매출\", \"실적\", \"부문\", \"대비\", \"시장\", \"인공지능\", \"기업\", \"것\", \"투자\", \"있\", \"바이두\", \"공개\", \"IT\", \"월\", \"따르\", \"성장\", \"예상\", \"주\", \"일\", \"이\", \"기록\", \"인공\", \"지능\", \"메타\", \"등\", \"감소\"]"
  }
]